Failure Number,Time Interval,Estimated Failure Rate,Actual Failure Rate,Failure Rate Percent Difference,Estimated Failure Density,Actual Failure Density,Failure Density Percent Difference,Estimated Failure Distribution,Actual Failure Distribution,Failure Distribution Percent Difference,Estimated Reliability,Actual Reliability,Reliability Percent Difference,Estimated Mean Time to Failure,Actual Mean Time to Failure,Mean Time to Failure Percent Difference
1,0.0443,24.6447,25.0,1.42,8.277,8.2652,0.14,0.9149,0.9179,0.33,0.0851,0.0821,3.65,0.0406,0.04,1.5
2,0.0441,24.5458,24.9,1.42,8.3214,8.3107,0.13,0.9141,0.9171,0.33,0.0859,0.0829,3.62,0.0407,0.0402,1.24
3,0.0605,24.4469,24.8,1.42,5.5714,5.5324,0.7,0.9132,0.9163,0.34,0.0868,0.0837,3.7,0.0409,0.0403,1.49
4,0.0227,24.348,24.7,1.43,13.9946,14.0837,0.63,0.9124,0.9154,0.33,0.0876,0.0846,3.55,0.0411,0.0405,1.48
5,0.0329,24.2491,24.6,1.43,10.9251,10.956,0.28,0.9115,0.9146,0.34,0.0885,0.0854,3.63,0.0412,0.0407,1.23
6,0.0377,24.1502,24.5,1.43,9.7274,9.7391,0.12,0.9106,0.9137,0.34,0.0894,0.0863,3.59,0.0414,0.0408,1.47
7,0.0376,24.0514,24.4,1.43,9.7319,9.7443,0.13,0.9097,0.9128,0.34,0.0903,0.0872,3.56,0.0416,0.041,1.46
8,0.004,23.9525,24.3,1.43,21.7496,22.0343,1.29,0.9088,0.912,0.35,0.0912,0.088,3.64,0.0417,0.0412,1.21
9,0.0746,23.8536,24.2,1.43,4.0199,3.9742,1.15,0.9079,0.9111,0.35,0.0921,0.0889,3.6,0.0419,0.0413,1.45
10,0.0181,23.7547,24.1,1.43,15.4679,15.5952,0.82,0.907,0.9102,0.35,0.093,0.0898,3.56,0.0421,0.0415,1.45
11,0.0093,23.6558,24.0,1.43,18.9927,19.2076,1.12,0.9061,0.9093,0.35,0.0939,0.0907,3.53,0.0423,0.0417,1.44
12,0.1165,23.5569,23.9,1.44,1.513,1.4749,2.58,0.9052,0.9084,0.35,0.0948,0.0916,3.49,0.0425,0.0418,1.67
13,0.1063,23.458,23.8,1.44,1.9378,1.8959,2.21,0.9042,0.9074,0.35,0.0958,0.0926,3.46,0.0426,0.042,1.43
14,0.0196,23.3591,23.7,1.44,14.7759,14.8917,0.78,0.9033,0.9065,0.35,0.0967,0.0935,3.42,0.0428,0.0422,1.42
15,0.0932,23.2602,23.6,1.44,2.6621,2.6168,1.73,0.9023,0.9056,0.36,0.0977,0.0944,3.5,0.043,0.0424,1.42
16,0.0031,23.1613,23.5,1.44,21.5439,21.8358,1.34,0.9013,0.9046,0.36,0.0987,0.0954,3.46,0.0432,0.0426,1.41
17,0.0031,23.0624,23.4,1.44,21.4715,21.763,1.34,0.9004,0.9037,0.37,0.0996,0.0963,3.43,0.0434,0.0427,1.64
18,0.0048,22.9635,23.3,1.44,20.5736,20.8414,1.28,0.8994,0.9027,0.37,0.1006,0.0973,3.39,0.0435,0.0429,1.4
19,0.122,22.8647,23.2,1.45,1.4049,1.3683,2.67,0.8984,0.9017,0.37,0.1016,0.0983,3.36,0.0437,0.0431,1.39
20,0.1455,22.7658,23.1,1.45,0.8284,0.8006,3.47,0.8974,0.9007,0.37,0.1026,0.0993,3.32,0.0439,0.0433,1.39
21,0.0055,22.6669,23.0,1.45,19.9909,20.2473,1.27,0.8963,0.8997,0.38,0.1037,0.1003,3.39,0.0441,0.0435,1.38
22,0.1198,22.568,22.9,1.45,1.5101,1.4725,2.55,0.8953,0.8987,0.38,0.1047,0.1013,3.36,0.0443,0.0437,1.37
23,0.0302,22.4691,22.8,1.45,11.4097,11.4628,0.46,0.8943,0.8977,0.38,0.1057,0.1023,3.32,0.0445,0.0439,1.37
24,0.1238,22.3702,22.7,1.45,1.402,1.3658,2.65,0.8932,0.8967,0.39,0.1068,0.1033,3.39,0.0447,0.0441,1.36
25,0.0799,22.2713,22.6,1.45,3.7607,3.7174,1.16,0.8922,0.8956,0.38,0.1078,0.1044,3.26,0.0449,0.0442,1.58
26,0.0259,22.1724,22.5,1.46,12.4903,12.5678,0.62,0.8911,0.8946,0.39,0.1089,0.1054,3.32,0.0451,0.0444,1.58
27,0.3575,22.0735,22.4,1.46,0.0083,0.0075,10.67,0.89,0.8935,0.39,0.11,0.1065,3.29,0.0453,0.0446,1.57
28,0.0045,21.9746,22.3,1.46,19.9156,20.1811,1.32,0.8889,0.8925,0.4,0.1111,0.1075,3.35,0.0455,0.0448,1.56
29,0.0053,21.8757,22.2,1.46,19.47,19.7245,1.29,0.8878,0.8914,0.4,0.1122,0.1086,3.31,0.0457,0.045,1.56
30,0.0578,21.7768,22.1,1.46,6.1812,6.1568,0.4,0.8867,0.8903,0.4,0.1133,0.1097,3.28,0.0459,0.0452,1.55
31,0.0593,21.678,22.0,1.46,5.9888,5.9627,0.44,0.8856,0.8892,0.4,0.1144,0.1108,3.25,0.0461,0.0455,1.32
32,0.0588,21.5791,21.9,1.47,6.0722,6.0474,0.41,0.8844,0.8881,0.42,0.1156,0.1119,3.31,0.0463,0.0457,1.31
33,0.0285,21.4802,21.8,1.47,11.648,11.7142,0.57,0.8833,0.887,0.42,0.1167,0.113,3.27,0.0466,0.0459,1.53
34,0.0349,21.3813,21.7,1.47,10.143,10.1804,0.37,0.8821,0.8858,0.42,0.1179,0.1142,3.24,0.0468,0.0461,1.52
35,0.0439,21.2824,21.6,1.47,8.3619,8.3692,0.09,0.881,0.8847,0.42,0.119,0.1153,3.21,0.047,0.0463,1.51
36,0.094,21.1835,21.5,1.47,2.8934,2.8506,1.5,0.8798,0.8835,0.42,0.1202,0.1165,3.18,0.0472,0.0465,1.51
37,0.0046,21.0846,21.4,1.47,19.1555,19.4141,1.33,0.8786,0.8823,0.42,0.1214,0.1177,3.14,0.0474,0.0467,1.5
38,0.0693,20.9857,21.3,1.48,4.9046,4.8708,0.69,0.8774,0.8812,0.43,0.1226,0.1188,3.2,0.0477,0.0469,1.71
39,0.0468,20.8868,21.2,1.48,7.8605,7.8623,0.02,0.8761,0.88,0.44,0.1239,0.12,3.25,0.0479,0.0472,1.48
40,0.0117,20.7879,21.1,1.48,16.3163,16.5011,1.12,0.8749,0.8788,0.44,0.1251,0.1212,3.22,0.0481,0.0474,1.48
41,0.0125,20.689,21.0,1.48,15.9685,16.1456,1.1,0.8737,0.8775,0.43,0.1263,0.1225,3.1,0.0483,0.0476,1.47
42,0.0705,20.5901,20.9,1.48,4.8172,4.784,0.69,0.8724,0.8763,0.45,0.1276,0.1237,3.15,0.0486,0.0478,1.67
43,0.1771,20.4912,20.8,1.48,0.5441,0.5229,4.05,0.8712,0.8751,0.45,0.1288,0.1249,3.12,0.0488,0.0481,1.46
44,0.0014,20.3924,20.7,1.49,19.8059,20.0959,1.44,0.8699,0.8738,0.45,0.1301,0.1262,3.09,0.049,0.0483,1.45
45,0.0087,20.2935,20.6,1.49,17.0165,17.2276,1.23,0.8686,0.8725,0.45,0.1314,0.1275,3.06,0.0493,0.0485,1.65
46,0.0052,20.1946,20.5,1.49,18.1657,18.411,1.33,0.8673,0.8713,0.46,0.1327,0.1287,3.11,0.0495,0.0488,1.43
47,0.0666,20.0957,20.4,1.49,5.2673,5.2397,0.53,0.866,0.87,0.46,0.134,0.13,3.08,0.0498,0.049,1.63
48,0.0151,19.9968,20.3,1.49,14.7998,14.9558,1.04,0.8646,0.8687,0.47,0.1354,0.1313,3.12,0.05,0.0493,1.42
49,0.0345,19.8979,20.2,1.5,10.0101,10.0567,0.46,0.8633,0.8673,0.46,0.1367,0.1327,3.01,0.0503,0.0495,1.62
50,0.0184,19.799,20.1,1.5,13.7529,13.8849,0.95,0.8619,0.866,0.47,0.1381,0.134,3.06,0.0505,0.0498,1.41
51,0.0934,19.7001,20.0,1.5,3.1305,3.0904,1.3,0.8605,0.8647,0.49,0.1395,0.1353,3.1,0.0508,0.05,1.6
52,0.0452,19.6012,19.9,1.5,8.0775,8.0905,0.16,0.8592,0.8633,0.47,0.1408,0.1367,3.0,0.051,0.0503,1.39
53,0.0122,19.5023,19.8,1.5,15.3688,15.5468,1.14,0.8578,0.8619,0.48,0.1422,0.1381,2.97,0.0513,0.0505,1.58
54,0.155,19.4034,19.7,1.51,0.9583,0.9292,3.13,0.8563,0.8605,0.49,0.1437,0.1395,3.01,0.0515,0.0508,1.38
55,0.1664,19.3045,19.6,1.51,0.7769,0.751,3.45,0.8549,0.8591,0.49,0.1451,0.1409,2.98,0.0518,0.051,1.57
56,0.0466,19.2057,19.5,1.51,7.8428,7.8544,0.15,0.8535,0.8577,0.49,0.1465,0.1423,2.95,0.0521,0.0513,1.56
57,0.006,19.1068,19.4,1.51,17.0308,17.2617,1.34,0.852,0.8563,0.5,0.148,0.1437,2.99,0.0523,0.0515,1.55
58,0.0189,19.0079,19.3,1.51,13.2655,13.3951,0.97,0.8505,0.8549,0.51,0.1495,0.1451,3.03,0.0526,0.0518,1.54
59,0.0153,18.909,19.2,1.52,14.1459,14.2996,1.07,0.8491,0.8534,0.5,0.1509,0.1466,2.93,0.0529,0.0521,1.54
60,0.0236,18.8101,19.1,1.52,12.072,12.1746,0.84,0.8476,0.8519,0.5,0.1524,0.1481,2.9,0.0532,0.0524,1.53
61,0.0859,18.7112,19.0,1.52,3.7504,3.715,0.95,0.846,0.8504,0.52,0.154,0.1496,2.94,0.0534,0.0526,1.52
62,0.115,18.6123,18.9,1.52,2.1886,2.1501,1.79,0.8445,0.8489,0.52,0.1555,0.1511,2.91,0.0537,0.0529,1.51
63,0.1589,18.5134,18.8,1.52,0.9762,0.9472,3.06,0.843,0.8474,0.52,0.157,0.1526,2.88,0.054,0.0532,1.5
64,0.0514,18.4145,18.7,1.53,7.1439,7.149,0.07,0.8414,0.8459,0.53,0.1586,0.1541,2.92,0.0543,0.0535,1.5
65,0.1661,18.3156,18.6,1.53,0.8742,0.8468,3.24,0.8398,0.8443,0.53,0.1602,0.1557,2.89,0.0546,0.0538,1.49
66,0.0707,18.2167,18.5,1.53,5.0293,5.0063,0.46,0.8382,0.8428,0.55,0.1618,0.1572,2.93,0.0549,0.0541,1.48
67,0.0159,18.1178,18.4,1.53,13.5724,13.7219,1.09,0.8366,0.8412,0.55,0.1634,0.1588,2.9,0.0552,0.0543,1.66
68,0.0555,18.019,18.3,1.54,6.6305,6.6298,0.01,0.835,0.8396,0.55,0.165,0.1604,2.87,0.0555,0.0546,1.65
69,0.1676,17.9201,18.2,1.54,0.8892,0.8617,3.19,0.8334,0.838,0.55,0.1666,0.162,2.84,0.0558,0.0549,1.64
70,0.02,17.8212,18.1,1.54,12.4753,12.6,0.99,0.8317,0.8363,0.55,0.1683,0.1637,2.81,0.0561,0.0552,1.63
71,0.0656,17.7223,18.0,1.54,5.5372,5.5223,0.27,0.83,0.8347,0.56,0.17,0.1653,2.84,0.0564,0.0556,1.44
72,0.0056,17.6234,17.9,1.55,15.97,16.1956,1.39,0.8284,0.833,0.55,0.1716,0.167,2.75,0.0567,0.0559,1.43
73,0.0234,17.5245,17.8,1.55,11.6291,11.7361,0.91,0.8267,0.8314,0.57,0.1733,0.1686,2.79,0.0571,0.0562,1.6
74,0.0576,17.4256,17.7,1.55,6.3889,6.3878,0.02,0.8249,0.8297,0.58,0.1751,0.1703,2.82,0.0574,0.0565,1.59
75,0.0209,17.3267,17.6,1.55,12.0632,12.1837,0.99,0.8232,0.828,0.58,0.1768,0.172,2.79,0.0577,0.0568,1.58
76,0.0158,17.2278,17.5,1.56,13.1185,13.2685,1.13,0.8214,0.8262,0.58,0.1786,0.1738,2.76,0.058,0.0571,1.58
77,0.0063,17.1289,17.4,1.56,15.3686,15.585,1.39,0.8197,0.8245,0.58,0.1803,0.1755,2.74,0.0584,0.0575,1.57
78,0.0118,17.03,17.3,1.56,13.9341,14.11,1.25,0.8179,0.8227,0.58,0.1821,0.1773,2.71,0.0587,0.0578,1.56
79,0.0878,16.9311,17.2,1.56,3.8261,3.7961,0.79,0.8161,0.8209,0.58,0.1839,0.1791,2.68,0.0591,0.0581,1.72
80,0.1201,16.8322,17.1,1.57,2.2282,2.192,1.65,0.8142,0.8191,0.6,0.1858,0.1809,2.71,0.0594,0.0585,1.54
81,0.0156,16.7334,17.0,1.57,12.8839,13.0348,1.16,0.8124,0.8173,0.6,0.1876,0.1827,2.68,0.0598,0.0588,1.7
82,0.2246,16.6345,16.9,1.57,0.3965,0.3795,4.48,0.8105,0.8155,0.61,0.1895,0.1845,2.71,0.0601,0.0592,1.52
83,0.008,16.5356,16.8,1.57,14.4841,14.6846,1.37,0.8086,0.8136,0.61,0.1914,0.1864,2.68,0.0605,0.0595,1.68
84,0.0368,16.4367,16.7,1.58,8.9697,9.0254,0.62,0.8067,0.8118,0.63,0.1933,0.1882,2.71,0.0608,0.0599,1.5
85,0.0686,16.3378,16.6,1.58,5.3291,5.3182,0.2,0.8048,0.8099,0.63,0.1952,0.1901,2.68,0.0612,0.0602,1.66
86,0.0093,16.2389,16.5,1.58,13.9667,14.157,1.34,0.8029,0.808,0.63,0.1971,0.192,2.66,0.0616,0.0606,1.65
87,0.0101,16.14,16.4,1.59,13.7182,13.9027,1.33,0.8009,0.806,0.63,0.1991,0.194,2.63,0.062,0.061,1.64
88,0.1055,16.0411,16.3,1.59,2.9515,2.9183,1.14,0.7989,0.8041,0.65,0.2011,0.1959,2.65,0.0623,0.0613,1.63
89,0.1711,15.9422,16.2,1.59,1.0422,1.0134,2.84,0.7969,0.8021,0.65,0.2031,0.1979,2.63,0.0627,0.0617,1.62
90,0.0182,15.8433,16.1,1.59,11.8752,12.0113,1.13,0.7949,0.8001,0.65,0.2051,0.1999,2.6,0.0631,0.0621,1.61
91,0.0424,15.7444,16.0,1.6,8.0779,8.1206,0.53,0.7929,0.7981,0.65,0.2071,0.2019,2.58,0.0635,0.0625,1.6
92,0.101,15.6455,15.9,1.6,3.2207,3.19,0.96,0.7908,0.7961,0.67,0.2092,0.2039,2.6,0.0639,0.0629,1.59
93,0.0174,15.5467,15.8,1.6,11.8662,12.0066,1.17,0.7887,0.794,0.67,0.2113,0.206,2.57,0.0643,0.0633,1.58
94,0.0361,15.4478,15.7,1.61,8.8418,8.9046,0.71,0.7866,0.792,0.68,0.2134,0.208,2.6,0.0647,0.0637,1.57
95,0.1706,15.3489,15.6,1.61,1.1187,1.0893,2.7,0.7845,0.7899,0.68,0.2155,0.2101,2.57,0.0652,0.0641,1.72
96,0.0248,15.25,15.5,1.61,10.4553,10.5611,1.0,0.7824,0.7878,0.69,0.2176,0.2122,2.54,0.0656,0.0645,1.71
97,0.0126,15.1511,15.4,1.62,12.5089,12.6745,1.31,0.7802,0.7856,0.69,0.2198,0.2144,2.52,0.066,0.0649,1.69
98,0.0077,15.0522,15.3,1.62,13.3958,13.5902,1.43,0.778,0.7835,0.7,0.222,0.2165,2.54,0.0664,0.0654,1.53
99,0.0496,14.9533,15.2,1.62,7.1212,7.1507,0.41,0.7758,0.7813,0.7,0.2242,0.2187,2.51,0.0669,0.0658,1.67
100,0.0508,14.8544,15.1,1.63,6.987,7.0145,0.39,0.7736,0.7791,0.71,0.2264,0.2209,2.49,0.0673,0.0662,1.66
101,0.0104,14.7555,15.0,1.63,12.6642,12.8415,1.38,0.7713,0.7769,0.72,0.2287,0.2231,2.51,0.0678,0.0667,1.65
102,0.0696,14.6566,14.9,1.63,5.2827,5.2802,0.05,0.7691,0.7746,0.71,0.2309,0.2254,2.44,0.0682,0.0671,1.64
103,0.0083,14.5577,14.8,1.64,12.9042,13.0927,1.44,0.7668,0.7724,0.73,0.2332,0.2276,2.46,0.0687,0.0676,1.63
104,0.0231,14.4588,14.7,1.64,10.348,10.4621,1.09,0.7645,0.7701,0.73,0.2355,0.2299,2.44,0.0692,0.068,1.76
105,0.1311,14.36,14.6,1.64,2.185,2.1527,1.5,0.7621,0.7678,0.74,0.2379,0.2322,2.45,0.0696,0.0685,1.61
106,0.0404,14.2611,14.5,1.65,8.0147,8.0707,0.69,0.7598,0.7654,0.73,0.2402,0.2346,2.39,0.0701,0.069,1.59
107,0.0387,14.1622,14.4,1.65,8.1887,8.2499,0.74,0.7574,0.7631,0.75,0.2426,0.2369,2.41,0.0706,0.0694,1.73
108,0.0303,14.0633,14.3,1.66,9.1779,9.2656,0.95,0.755,0.7607,0.75,0.245,0.2393,2.38,0.0711,0.0699,1.72
109,0.1433,13.9644,14.2,1.66,1.887,1.8551,1.72,0.7525,0.7583,0.76,0.2475,0.2417,2.4,0.0716,0.0704,1.7
110,0.1016,13.8655,14.1,1.66,3.3917,3.3679,0.71,0.7501,0.7559,0.77,0.2499,0.2441,2.38,0.0721,0.0709,1.69
111,0.0055,13.7666,14.0,1.67,12.7556,12.9551,1.54,0.7476,0.7534,0.77,0.2524,0.2466,2.35,0.0726,0.0714,1.68
112,0.0097,13.6677,13.9,1.67,11.9731,12.1492,1.45,0.7451,0.7509,0.77,0.2549,0.2491,2.33,0.0732,0.0719,1.81
113,0.0377,13.5688,13.8,1.68,8.1382,8.2051,0.82,0.7425,0.7484,0.79,0.2575,0.2516,2.34,0.0737,0.0725,1.66
114,0.0201,13.4699,13.7,1.68,10.27,10.3972,1.22,0.74,0.7459,0.79,0.26,0.2541,2.32,0.0742,0.073,1.64
115,0.0315,13.371,13.6,1.68,8.7792,8.8654,0.97,0.7374,0.7433,0.79,0.2626,0.2567,2.3,0.0748,0.0735,1.77
116,0.0627,13.2721,13.5,1.69,5.7749,5.7907,0.27,0.7348,0.7408,0.81,0.2652,0.2592,2.31,0.0753,0.0741,1.62
117,0.2244,13.1732,13.4,1.69,0.6851,0.6623,3.44,0.7321,0.7382,0.83,0.2679,0.2618,2.33,0.0759,0.0746,1.74
118,0.1353,13.0744,13.3,1.7,2.2282,2.1985,1.35,0.7295,0.7355,0.82,0.2705,0.2645,2.27,0.0765,0.0752,1.73
119,0.0391,12.9755,13.2,1.7,7.809,7.8746,0.83,0.7268,0.7329,0.83,0.2732,0.2671,2.28,0.0771,0.0758,1.72
120,0.1333,12.8766,13.1,1.71,2.3134,2.2844,1.27,0.7241,0.7302,0.84,0.2759,0.2698,2.26,0.0777,0.0763,1.83
121,0.3223,12.7777,13.0,1.71,0.208,0.197,5.58,0.7213,0.7275,0.85,0.2787,0.2725,2.28,0.0783,0.0769,1.82
122,0.1572,12.6788,12.9,1.71,1.7267,1.6968,1.76,0.7186,0.7247,0.84,0.2814,0.2753,2.22,0.0789,0.0775,1.81
123,0.0774,12.5799,12.8,1.72,4.7489,4.7503,0.03,0.7158,0.722,0.86,0.2842,0.278,2.23,0.0795,0.0781,1.79
124,0.1169,12.481,12.7,1.72,2.9014,2.8777,0.82,0.713,0.7192,0.86,0.287,0.2808,2.21,0.0801,0.0787,1.78
125,0.0095,12.3821,12.6,1.73,11.0014,11.1717,1.52,0.7101,0.7163,0.87,0.2899,0.2837,2.19,0.0808,0.0794,1.76
126,0.0587,12.2832,12.5,1.73,5.973,6.0016,0.48,0.7072,0.7135,0.88,0.2928,0.2865,2.2,0.0814,0.08,1.75
127,0.1006,12.1843,12.4,1.74,3.5778,3.563,0.42,0.7043,0.7106,0.89,0.2957,0.2894,2.18,0.0821,0.0806,1.86
128,0.003,12.0854,12.3,1.74,11.6552,11.8545,1.68,0.7014,0.7077,0.89,0.2986,0.2923,2.16,0.0827,0.0813,1.72
129,0.2464,11.9865,12.2,1.75,0.6255,0.6041,3.54,0.6984,0.7048,0.91,0.3016,0.2952,2.17,0.0834,0.082,1.71
130,0.0108,11.8877,12.1,1.75,10.455,10.6174,1.53,0.6954,0.7018,0.91,0.3046,0.2982,2.15,0.0841,0.0826,1.82
131,0.1386,11.7888,12.0,1.76,2.3015,2.2752,1.16,0.6924,0.6988,0.92,0.3076,0.3012,2.12,0.0848,0.0833,1.8
132,0.1612,11.6899,11.9,1.77,1.7762,1.7479,1.62,0.6893,0.6958,0.93,0.3107,0.3042,2.14,0.0855,0.084,1.79
133,0.0826,11.591,11.8,1.77,4.4506,4.4534,0.06,0.6862,0.6927,0.94,0.3138,0.3073,2.12,0.0863,0.0847,1.89
134,0.1325,11.4921,11.7,1.78,2.5057,2.4817,0.97,0.6831,0.6896,0.94,0.3169,0.3104,2.09,0.087,0.0855,1.75
135,0.0848,11.3932,11.6,1.78,4.3371,4.3391,0.05,0.68,0.6865,0.95,0.32,0.3135,2.07,0.0878,0.0862,1.86
136,0.013,11.2943,11.5,1.79,9.7532,9.9044,1.53,0.6768,0.6834,0.97,0.3232,0.3166,2.08,0.0885,0.087,1.72
137,0.2233,11.1954,11.4,1.79,0.9193,0.8943,2.8,0.6736,0.6802,0.97,0.3264,0.3198,2.06,0.0893,0.0877,1.82
138,0.1368,11.0965,11.3,1.8,2.4308,2.4074,0.97,0.6703,0.677,0.99,0.3297,0.323,2.07,0.0901,0.0885,1.81
139,0.074,10.9976,11.2,1.81,4.8761,4.892,0.33,0.667,0.6737,0.99,0.333,0.3263,2.05,0.0909,0.0893,1.79
140,0.0305,10.8987,11.1,1.81,7.8126,7.9081,1.21,0.6637,0.6704,1.0,0.3363,0.3296,2.03,0.0918,0.0901,1.89
141,0.1512,10.7998,11.0,1.82,2.1095,2.0845,1.2,0.6604,0.6671,1.0,0.3396,0.3329,2.01,0.0926,0.0909,1.87
142,0.0292,10.701,10.9,1.83,7.8281,7.9275,1.25,0.657,0.6638,1.02,0.343,0.3362,2.02,0.0934,0.0917,1.85
143,0.0628,10.6021,10.8,1.83,5.4492,5.4824,0.61,0.6536,0.6604,1.03,0.3464,0.3396,2.0,0.0943,0.0926,1.84
144,0.0815,10.5032,10.7,1.84,4.461,4.4722,0.25,0.6502,0.657,1.04,0.3498,0.343,1.98,0.0952,0.0935,1.82
145,0.0067,10.4043,10.6,1.85,9.6997,9.8692,1.72,0.6467,0.6535,1.04,0.3533,0.3465,1.96,0.0961,0.0943,1.91
146,0.089,10.3054,10.5,1.85,4.1179,4.1236,0.14,0.6432,0.6501,1.06,0.3568,0.3499,1.97,0.097,0.0952,1.89
147,0.0206,10.2065,10.4,1.86,8.2681,8.3913,1.47,0.6396,0.6465,1.07,0.3604,0.3535,1.95,0.098,0.0962,1.87
148,0.0004,10.1076,10.3,1.87,10.0646,10.2553,1.86,0.6361,0.643,1.07,0.3639,0.357,1.93,0.0989,0.0971,1.85
149,0.1144,10.0087,10.2,1.88,3.1839,3.1745,0.3,0.6324,0.6394,1.09,0.3676,0.3606,1.94,0.0999,0.098,1.94
150,0.3763,9.9098,10.1,1.88,0.238,0.2258,5.4,0.6288,0.6358,1.1,0.3712,0.3642,1.92,0.1009,0.099,1.92
151,0.1043,9.8109,10.0,1.89,3.5278,3.5256,0.06,0.6251,0.6321,1.11,0.3749,0.3679,1.9,0.1019,0.1,1.9
152,0.0518,9.712,9.9,1.9,5.8737,5.9294,0.94,0.6214,0.6284,1.11,0.3786,0.3716,1.88,0.103,0.101,1.98
153,0.0119,9.6131,9.8,1.91,8.5699,8.717,1.69,0.6176,0.6247,1.14,0.3824,0.3753,1.89,0.104,0.102,1.96
154,0.0283,9.5142,9.7,1.92,7.2678,7.3709,1.4,0.6138,0.6209,1.14,0.3862,0.3791,1.87,0.1051,0.1031,1.94
155,0.0877,9.4154,9.6,1.92,4.1226,4.1359,0.32,0.61,0.6171,1.15,0.39,0.3829,1.85,0.1062,0.1042,1.92
156,0.0926,9.3165,9.5,1.93,3.9307,3.9405,0.25,0.6061,0.6133,1.17,0.3939,0.3867,1.86,0.1073,0.1053,1.9
157,0.0518,9.2176,9.4,1.94,5.7176,5.7759,1.01,0.6022,0.6094,1.18,0.3978,0.3906,1.84,0.1085,0.1064,1.97
158,0.2939,9.1187,9.3,1.95,0.6251,0.6044,3.42,0.5982,0.6054,1.19,0.4018,0.3946,1.82,0.1097,0.1075,2.05
159,0.2596,9.0198,9.2,1.96,0.8675,0.8444,2.74,0.5942,0.6015,1.21,0.4058,0.3985,1.83,0.1109,0.1087,2.02
160,0.103,8.9209,9.1,1.97,3.5595,3.5646,0.14,0.5902,0.5975,1.22,0.4098,0.4025,1.81,0.1121,0.1099,2.0
161,0.1348,8.822,9.0,1.98,2.6858,2.675,0.4,0.5861,0.5934,1.23,0.4139,0.4066,1.8,0.1134,0.1111,2.07
162,0.2071,8.7231,8.9,1.99,1.4327,1.4092,1.67,0.582,0.5893,1.24,0.418,0.4107,1.78,0.1146,0.1124,1.96
163,0.1081,8.6242,8.8,2.0,3.3951,3.3991,0.12,0.5779,0.5852,1.25,0.4221,0.4148,1.76,0.116,0.1136,2.11
164,0.0235,8.5253,8.7,2.01,6.9751,7.0888,1.6,0.5737,0.581,1.26,0.4263,0.419,1.74,0.1173,0.1149,2.09
165,0.0028,8.4264,8.6,2.02,8.2322,8.3977,1.97,0.5694,0.5768,1.28,0.4306,0.4232,1.75,0.1187,0.1163,2.06
166,0.0573,8.3275,8.5,2.03,5.1675,5.2226,1.06,0.5652,0.5726,1.29,0.4348,0.4274,1.73,0.1201,0.1176,2.13
167,0.0549,8.2287,8.4,2.04,5.2366,5.2956,1.11,0.5608,0.5683,1.32,0.4392,0.4317,1.74,0.1215,0.119,2.1
168,0.0296,8.1298,8.3,2.05,6.3889,6.4898,1.55,0.5565,0.564,1.33,0.4435,0.436,1.72,0.123,0.1205,2.07
169,0.0499,8.0309,8.2,2.06,5.3801,5.4473,1.23,0.5521,0.5596,1.34,0.4479,0.4404,1.7,0.1245,0.122,2.05
170,0.0698,7.932,8.1,2.07,4.5609,4.6033,0.92,0.5476,0.5551,1.35,0.4524,0.4449,1.69,0.1261,0.1235,2.11
171,0.2021,7.8331,8.0,2.09,1.6083,1.5881,1.27,0.5431,0.5507,1.38,0.4569,0.4493,1.69,0.1277,0.125,2.16
172,0.0868,7.7342,7.9,2.1,3.9526,3.9797,0.68,0.5386,0.5462,1.39,0.4614,0.4538,1.67,0.1293,0.1266,2.13
173,0.072,7.6353,7.8,2.11,4.4074,4.4494,0.94,0.534,0.5416,1.4,0.466,0.4584,1.66,0.131,0.1282,2.18
174,0.0936,7.5364,7.7,2.12,3.7236,3.7467,0.62,0.5294,0.537,1.42,0.4706,0.463,1.64,0.1327,0.1299,2.16
175,0.0768,7.4375,7.6,2.14,4.2001,4.2386,0.91,0.5247,0.5323,1.43,0.4753,0.4677,1.62,0.1345,0.1316,2.2
176,0.0367,7.3386,7.5,2.15,5.6039,5.6933,1.57,0.5199,0.5276,1.46,0.4801,0.4724,1.63,0.1363,0.1333,2.25
177,0.2564,7.2397,7.4,2.17,1.1313,1.1098,1.94,0.5152,0.5229,1.47,0.4848,0.4771,1.61,0.1381,0.1351,2.22
178,0.1074,7.1408,7.3,2.18,3.3167,3.3331,0.49,0.5104,0.5181,1.49,0.4896,0.4819,1.6,0.14,0.137,2.19
179,0.0546,7.0419,7.2,2.2,4.7944,4.8599,1.35,0.5055,0.5132,1.5,0.4945,0.4868,1.58,0.142,0.1389,2.23
180,0.0648,6.9431,7.1,2.21,4.4276,4.4819,1.21,0.5006,0.5084,1.53,0.4994,0.4916,1.59,0.144,0.1408,2.27
181,0.0665,6.8442,7.0,2.23,4.341,4.3941,1.21,0.4956,0.5034,1.55,0.5044,0.4966,1.57,0.1461,0.1429,2.24
182,0.0433,6.7453,6.9,2.24,5.0379,5.1191,1.59,0.4906,0.4984,1.57,0.5094,0.5016,1.56,0.1483,0.1449,2.35
183,0.3326,6.6464,6.8,2.26,0.7286,0.7083,2.87,0.4855,0.4934,1.6,0.5145,0.5066,1.56,0.1505,0.1471,2.31
184,0.3912,6.5475,6.7,2.28,0.5054,0.4872,3.74,0.4804,0.4883,1.62,0.5196,0.5117,1.54,0.1527,0.1493,2.28
185,0.1586,6.4486,6.6,2.29,2.3184,2.3165,0.08,0.4753,0.4831,1.61,0.5247,0.5169,1.51,0.1551,0.1515,2.38
186,0.0792,6.3497,6.5,2.31,3.8409,3.8853,1.14,0.47,0.478,1.67,0.53,0.522,1.53,0.1575,0.1538,2.41
187,0.0158,6.2508,6.4,2.33,5.6616,5.783,2.1,0.4648,0.4727,1.67,0.5352,0.5273,1.5,0.16,0.1562,2.43
188,0.0674,6.1519,6.3,2.35,4.0643,4.1208,1.37,0.4595,0.4674,1.69,0.5405,0.5326,1.48,0.1626,0.1587,2.46
189,0.0355,6.053,6.2,2.37,4.8838,4.9764,1.86,0.4541,0.4621,1.73,0.5459,0.5379,1.49,0.1652,0.1613,2.42
190,0.2754,5.9541,6.1,2.39,1.1552,1.1369,1.61,0.4487,0.4566,1.73,0.5513,0.5434,1.45,0.168,0.1639,2.5
191,0.0629,5.8552,6.0,2.41,4.0524,4.115,1.52,0.4432,0.4512,1.77,0.5568,0.5488,1.46,0.1708,0.1667,2.46
192,0.0548,5.7564,5.9,2.43,4.1981,4.2691,1.66,0.4377,0.4457,1.79,0.5623,0.5543,1.44,0.1737,0.1695,2.48
193,0.1907,5.6575,5.8,2.46,1.9236,1.9192,0.23,0.4321,0.4401,1.82,0.5679,0.5599,1.43,0.1768,0.1724,2.55
194,0.3559,5.5586,5.7,2.48,0.7689,0.7497,2.56,0.4264,0.4345,1.86,0.5736,0.5655,1.43,0.1799,0.1754,2.57
195,0.0713,5.4597,5.6,2.51,3.6997,3.7571,1.53,0.4207,0.4288,1.89,0.5793,0.5712,1.42,0.1832,0.1786,2.58
196,0.1625,5.3608,5.5,2.53,2.2439,2.2507,0.3,0.415,0.4231,1.91,0.585,0.5769,1.4,0.1865,0.1818,2.59
197,0.3931,5.2619,5.4,2.56,0.6649,0.6462,2.89,0.4091,0.4173,1.97,0.5909,0.5827,1.41,0.19,0.1852,2.59
198,0.0089,5.163,5.3,2.58,4.9306,5.0552,2.46,0.4033,0.4114,1.97,0.5967,0.5886,1.38,0.1937,0.1887,2.65
199,0.1554,5.0641,5.2,2.61,2.3052,2.3176,0.54,0.3973,0.4055,2.02,0.6027,0.5945,1.38,0.1975,0.1923,2.7
200,0.4542,4.9652,5.1,2.64,0.5205,0.5029,3.5,0.3914,0.3995,2.03,0.6086,0.6005,1.35,0.2014,0.1961,2.7
201,0.0288,4.8663,5.0,2.67,4.2302,4.3298,2.3,0.3853,0.3935,2.08,0.6147,0.6065,1.35,0.2055,0.2,2.75
202,0.002,4.7674,4.9,2.71,4.7222,4.8522,2.68,0.3792,0.3874,2.12,0.6208,0.6126,1.34,0.2098,0.2041,2.79
203,0.1468,4.6685,4.8,2.74,2.3523,2.3723,0.84,0.373,0.3812,2.15,0.627,0.6188,1.33,0.2142,0.2083,2.83
204,0.126,4.5697,4.7,2.77,2.5698,2.6,1.16,0.3668,0.375,2.19,0.6332,0.625,1.31,0.2188,0.2128,2.82
205,0.1955,4.4708,4.6,2.81,1.8655,1.8715,0.32,0.3605,0.3687,2.22,0.6395,0.6313,1.3,0.2237,0.2174,2.9
206,0.364,4.3719,4.5,2.85,0.8903,0.8747,1.78,0.3541,0.3624,2.29,0.6459,0.6376,1.3,0.2287,0.2222,2.93
207,0.0629,4.273,4.4,2.89,3.2652,3.3355,2.11,0.3477,0.356,2.33,0.6523,0.644,1.29,0.234,0.2273,2.95
208,0.0957,4.1741,4.3,2.93,2.799,2.8489,1.75,0.3412,0.3495,2.37,0.6588,0.6505,1.28,0.2396,0.2326,3.01
209,0.6839,4.0752,4.2,2.97,0.2511,0.2376,5.68,0.3347,0.343,2.42,0.6653,0.657,1.26,0.2454,0.2381,3.07
210,0.0094,3.9763,4.1,3.02,3.8303,3.9448,2.9,0.3281,0.3363,2.44,0.6719,0.6637,1.24,0.2515,0.2439,3.12
211,0.0273,3.8774,4.0,3.06,3.4877,3.586,2.74,0.3214,0.3297,2.52,0.6786,0.6703,1.24,0.2579,0.25,3.16
212,0.0741,3.7785,3.9,3.12,2.8558,2.9212,2.24,0.3147,0.3229,2.54,0.6853,0.6771,1.21,0.2647,0.2564,3.24
213,0.1511,3.6796,3.8,3.17,2.1099,2.1397,1.39,0.3079,0.3161,2.59,0.6921,0.6839,1.2,0.2718,0.2632,3.27
214,0.0415,3.5807,3.7,3.22,3.0859,3.173,2.75,0.301,0.3093,2.68,0.699,0.6907,1.2,0.2793,0.2703,3.33
215,0.1842,3.4818,3.6,3.28,1.8338,1.8552,1.15,0.294,0.3023,2.75,0.706,0.6977,1.19,0.2872,0.2778,3.38
216,0.4482,3.3829,3.5,3.35,0.7426,0.729,1.87,0.287,0.2953,2.81,0.713,0.7047,1.18,0.2956,0.2857,3.47
217,0.5544,3.2841,3.4,3.41,0.5317,0.5162,3.0,0.2799,0.2882,2.88,0.7201,0.7118,1.17,0.3045,0.2941,3.54
218,0.0716,3.1852,3.3,3.48,2.5357,2.6056,2.68,0.2728,0.2811,2.95,0.7272,0.7189,1.15,0.314,0.303,3.63
219,0.1788,3.0863,3.2,3.55,1.7775,1.8059,1.57,0.2655,0.2739,3.07,0.7345,0.7261,1.16,0.324,0.3125,3.68
220,0.2739,2.9874,3.1,3.63,1.3182,1.3263,0.61,0.2582,0.2666,3.15,0.7418,0.7334,1.15,0.3347,0.3226,3.75
221,0.0994,2.8885,3.0,3.72,2.1676,2.2264,2.64,0.2509,0.2592,3.2,0.7491,0.7408,1.12,0.3462,0.3333,3.87
222,0.0075,2.7896,2.9,3.81,2.7316,2.8374,3.73,0.2434,0.2517,3.3,0.7566,0.7483,1.11,0.3585,0.3448,3.97
223,0.5183,2.6907,2.8,3.9,0.6671,0.6559,1.71,0.2359,0.2442,3.4,0.7641,0.7558,1.1,0.3716,0.3571,4.06
224,0.1239,2.5918,2.7,4.01,1.8797,1.9321,2.71,0.2283,0.2366,3.51,0.7717,0.7634,1.09,0.3858,0.3704,4.16
225,0.2716,2.4929,2.6,4.12,1.2666,1.2831,1.29,0.2206,0.2289,3.63,0.7794,0.7711,1.08,0.4011,0.3846,4.29
226,0.2985,2.394,2.5,4.24,1.1717,1.1855,1.16,0.2129,0.2212,3.75,0.7871,0.7788,1.07,0.4177,0.4,4.42
227,0.1591,2.2951,2.4,4.37,1.593,1.6382,2.76,0.2051,0.2134,3.89,0.7949,0.7866,1.06,0.4357,0.4167,4.56
228,0.4942,2.1962,2.3,4.51,0.7418,0.738,0.51,0.1972,0.2055,4.04,0.8028,0.7945,1.04,0.4553,0.4348,4.71
229,0.5833,2.0974,2.2,4.66,0.6171,0.6097,1.21,0.1892,0.1975,4.2,0.8108,0.8025,1.03,0.4768,0.4545,4.91
230,0.1804,1.9985,2.1,4.83,1.3937,1.4379,3.07,0.1811,0.1894,4.38,0.8189,0.8106,1.02,0.5004,0.4762,5.08
231,0.2512,1.8996,2.0,5.02,1.1789,1.2103,2.59,0.173,0.1813,4.58,0.827,0.8187,1.01,0.5264,0.5,5.28
232,0.5906,1.8007,1.9,5.23,0.6217,0.6186,0.5,0.1648,0.173,4.74,0.8352,0.827,0.99,0.5553,0.5263,5.51
233,1.3588,1.7018,1.8,5.46,0.1685,0.156,8.01,0.1565,0.1647,4.98,0.8435,0.8353,0.98,0.5876,0.5556,5.76
234,0.2416,1.6029,1.7,5.71,1.0882,1.1274,3.48,0.1481,0.1563,5.25,0.8519,0.8437,0.97,0.6239,0.5882,6.07
235,0.0398,1.504,1.6,6.0,1.4167,1.5013,5.64,0.1396,0.1479,5.61,0.8604,0.8521,0.97,0.6649,0.625,6.38
236,2.6989,1.4051,1.5,6.33,0.0317,0.0262,20.99,0.1311,0.1393,5.89,0.8689,0.8607,0.95,0.7117,0.6667,6.75
237,0.1922,1.3062,1.4,6.7,1.0162,1.0697,5.0,0.1225,0.1306,6.2,0.8775,0.8694,0.93,0.7656,0.7143,7.18
238,1.0467,1.2073,1.3,7.13,0.3412,0.3334,2.34,0.1137,0.1219,6.73,0.8863,0.8781,0.93,0.8283,0.7692,7.68
239,0.0267,1.1084,1.2,7.63,1.0762,1.1622,7.4,0.1049,0.1131,7.25,0.8951,0.8869,0.92,0.9022,0.8333,8.27
240,0.2626,1.0095,1.1,8.23,0.7745,0.8241,6.02,0.096,0.1042,7.87,0.904,0.8958,0.92,0.9905,0.9091,8.95
241,0.0375,0.9107,1.0,8.93,0.8801,0.9632,8.63,0.087,0.0952,8.61,0.913,0.9048,0.91,1.0981,1.0,9.81
242,1.5266,0.8118,0.9,9.8,0.2351,0.2278,3.2,0.078,0.0861,9.41,0.922,0.9139,0.89,1.2319,1.1111,10.87
243,3.6323,0.7129,0.8,10.89,0.0535,0.0438,22.15,0.0688,0.0769,10.53,0.9312,0.9231,0.88,1.4028,1.25,12.22
244,0.5274,0.614,0.7,12.29,0.4441,0.4839,8.22,0.0596,0.0676,11.83,0.9404,0.9324,0.86,1.6287,1.4286,14.01
245,3.0049,0.5151,0.6,14.15,0.1096,0.0989,10.82,0.0502,0.0582,13.75,0.9498,0.9418,0.85,1.9414,1.6667,16.48
246,0.4119,0.4162,0.5,16.76,0.3506,0.4069,13.84,0.0408,0.0488,16.39,0.9592,0.9512,0.84,2.4027,2.0,20.13
247,0.1951,0.3173,0.4,20.67,0.2983,0.37,19.38,0.0312,0.0392,20.41,0.9688,0.9608,0.83,3.1516,2.5,26.06
248,1.0927,0.2184,0.3,27.2,0.172,0.2162,20.44,0.0216,0.0296,27.03,0.9784,0.9704,0.82,4.5786,3.3333,37.36
249,18.6259,0.1195,0.2,40.25,0.0129,0.0048,168.75,0.0119,0.0198,39.9,0.9881,0.9802,0.81,8.3671,5.0,67.34
